source,target,value
2meirl4meirl,admiration,47
49ers,admiration,50
4PanelCringe,admiration,52
90DayFiance,admiration,76
90dayfianceuncensored,admiration,43
ABCDesis,admiration,27
ABoringDystopia,admiration,14
AFL,admiration,19
ATBGE,admiration,25
Advice,admiration,41
AdviceAnimals,admiration,19
AirForce,admiration,17
Anarchism,admiration,33
Anarcho_Capitalism,admiration,34
AnimalsBeingBros,admiration,126
AnimalsBeingJerks,admiration,51
Anticonsumption,admiration,18
Artifact,admiration,46
AskALiberal,admiration,16
AskFeminists,admiration,20
AskMen,admiration,58
AskMenOver30,admiration,49
AskThe_Donald,admiration,19
AskWomen,admiration,66
AtlantaHawks,admiration,30
Austin,admiration,24
BPD,admiration,43
BPDlovedones,admiration,42
Barca,admiration,19
Battlefield,admiration,31
BattlefieldV,admiration,27
BeautyGuruChatter,admiration,32
BetterEveryLoop,admiration,22
BigBrother,admiration,35
Blackfellas,admiration,44
Blackops4,admiration,54
Boxing,admiration,27
Braves,admiration,16
BravoRealHousewives,admiration,38
Brawlhalla,admiration,24
BreadTube,admiration,66
Browns,admiration,30
CFB,admiration,62
CODZombies,admiration,15
COMPLETEANARCHY,admiration,19
Calgary,admiration,24
CanadaPolitics,admiration,12
CapitalismVSocialism,admiration,31
Cardinals,admiration,24
Catholicism,admiration,50
China,admiration,35
ChoosingBeggars,admiration,53
Christianity,admiration,51
CoDCompetitive,admiration,40
CollegeBasketball,admiration,78
ComedyCemetery,admiration,39
CompetitiveForHonor,admiration,24
Competitiveoverwatch,admiration,19
Connecticut,admiration,58
Conservative,admiration,27
CryptoCurrency,admiration,12
Dallas,admiration,23
DanLeBatardShow,admiration,35
DeadBedrooms,admiration,54
DebateAnAtheist,admiration,17
Denver,admiration,26
DenverBroncos,admiration,43
Detroit,admiration,25
DetroitPistons,admiration,53
DevilMayCry,admiration,14
DiWHY,admiration,75
Divorce,admiration,63
Documentaries,admiration,64
Dodgers,admiration,43
DoesAnybodyElse,admiration,26
DomesticGirlfriend,admiration,17
Drugs,admiration,14
DunderMifflin,admiration,65
EDAnonymous,admiration,41
ENLIGHTENEDCENTRISM,admiration,21
Edmonton,admiration,22
EdmontonOilers,admiration,50
Enough_Sanders_Spam,admiration,23
ExpectationVsReality,admiration,32
FellowKids,admiration,22
FlashTV,admiration,24
Flipping,admiration,9
ForeverAlone,admiration,58
FortniteCompetitive,admiration,8
FrankOcean,admiration,39
FunnyandSad,admiration,14
Futurology,admiration,8
GCdebatesQT,admiration,9
Games,admiration,41
GenderCritical,admiration,38
GetMotivated,admiration,33
GifRecipes,admiration,33
GlobalOffensive,admiration,12
GoNets,admiration,20
GreenBayPackers,admiration,46
Gunners,admiration,59
Habs,admiration,17
HadToHurt,admiration,31
HighQualityGifs,admiration,43
HumansBeingBros,admiration,37
IASIP,admiration,25
IDontWorkHereLady,admiration,58
INTP,admiration,52
IdiotsInCars,admiration,12
IncelTears,admiration,48
IncelsWithoutHate,admiration,37
InstacartShoppers,admiration,12
Instagramreality,admiration,32
JUSTNOFAMILY,admiration,64
JUSTNOMIL,admiration,59
Jokes,admiration,31
JordanPeterson,admiration,40
Judaism,admiration,38
JustNoSO,admiration,37
Justfuckmyshitup,admiration,38
Kanye,admiration,26
KidsAreFuckingStupid,admiration,58
KitchenConfidential,admiration,32
KotakuInAction,admiration,26
LGBTeens,admiration,74
LabourUK,admiration,27
LateStageCapitalism,admiration,8
LetsNotMeet,admiration,42
Libertarian,admiration,22
LifeProTips,admiration,45
LigaMX,admiration,16
LosAngeles,admiration,20
MLBTheShow,admiration,9
MLS,admiration,31
MMA,admiration,22
MMORPG,admiration,20
MakingaMurderer,admiration,21
MaliciousCompliance,admiration,65
Marriage,admiration,64
Mavericks,admiration,53
MensRights,admiration,38
Military,admiration,10
MkeBucks,admiration,25
MorbidReality,admiration,25
MortalKombat,admiration,32
MurderedByWords,admiration,24
Music,admiration,40
My600lbLife,admiration,84
NYGiants,admiration,69
NYKnicks,admiration,67
NYYankees,admiration,59
NarcissisticAbuse,admiration,33
NetflixBestOf,admiration,52
NewOrleans,admiration,17
NewYorkIslanders,admiration,24
NewYorkMets,admiration,61
NoFap,admiration,28
OkCupid,admiration,83
OrlandoMagic,admiration,59
OttawaSenators,admiration,10
OutOfTheLoop,admiration,38
Overwatch,admiration,58
OverwatchUniversity,admiration,22
PUBGXboxOne,admiration,24
Padres,admiration,5
Paladins,admiration,7
PandR,admiration,36
Parenting,admiration,55
Persona5,admiration,56
PoliticalDiscussion,admiration,7
PoliticalHumor,admiration,14
Portland,admiration,30
ProRevenge,admiration,38
ProtectAndServe,admiration,60
PurplePillDebate,admiration,29
QuadrigaCX,admiration,17
RWBY,admiration,30
RedDeadOnline,admiration,34
RedLetterMedia,admiration,30
Roadcam,admiration,35
RoastMe,admiration,9
SSBM,admiration,4
SaltLakeCity,admiration,32
SandersForPresident,admiration,14
Scotland,admiration,54
ScottishFootball,admiration,34
Seaofthieves,admiration,21
SeattleWA,admiration,36
SelfAwarewolves,admiration,32
ShitPoliticsSays,admiration,25
Shitstatistssay,admiration,25
Smite,admiration,25
SoulCalibur,admiration,23
SpoiledDragRace,admiration,28
SquaredCircle,admiration,23
StLouis,admiration,41
StarWarsBattlefront,admiration,22
StreetFighter,admiration,20
SubredditDrama,admiration,35
SubredditSimulator,admiration,51
SuicideWatch,admiration,27
SweatyPalms,admiration,18
TIHI,admiration,42
TalesFromRetail,admiration,30
TalesFromYourServer,admiration,56
Target,admiration,17
Teachers,admiration,24
TeamSolomid,admiration,16
TeenMomOGandTeenMom2,admiration,74
Tekken,admiration,30
TheSimpsons,admiration,77
TheWalkingDeadGame,admiration,62
The_Donald,admiration,15
The_Mueller,admiration,45
Tinder,admiration,45
TooAfraidToAsk,admiration,27
ToolBand,admiration,32
TopMindsOfReddit,admiration,22
TownofSalemgame,admiration,11
TrollXChromosomes,admiration,67
Truckers,admiration,21
TrueOffMyChest,admiration,38
TrueReddit,admiration,31
Trufemcels,admiration,29
TwoBestFriendsPlay,admiration,21
TwoSentenceHorror,admiration,47
TwoXChromosomes,admiration,35
Unexpected,admiration,18
UpliftingNews,admiration,45
VoteBlue,admiration,48
WWE,admiration,13
WatchPeopleDieInside,admiration,42
WayOfTheBern,admiration,33
WeWantPlates,admiration,47
Wellthatsucks,admiration,41
Whatcouldgowrong,admiration,48
WhitePeopleTwitter,admiration,35
WhyWereTheyFilming,admiration,22
WouldYouRather,admiration,10
adultery,admiration,43
alberta,admiration,23
antiMLM,admiration,45
antinatalism,admiration,29
arrow,admiration,74
askcarsales,admiration,21
askwomenadvice,admiration,69
asoiaf,admiration,19
aspergers,admiration,31
assassinscreed,admiration,24
atheism,admiration,28
australia,admiration,42
awfuleverything,admiration,73
aznidentity,admiration,23
badunitedkingdom,admiration,21
barstoolsports,admiration,65
belgium,admiration,23
benzodiazepines,admiration,23
bestof,admiration,32
bestoflegaladvice,admiration,34
bipolar,admiration,58
blogsnark,admiration,25
bodybuilding,admiration,32
breakingmom,admiration,67
brexit,admiration,17
brisbane,admiration,28
britishproblems,admiration,10
btc,admiration,38
canada,admiration,43
canadients,admiration,27
canes,admiration,13
canucks,admiration,31
changemyview,admiration,14
chelseafc,admiration,35
chicago,admiration,54
chicagobulls,admiration,64
childfree,admiration,51
circlejerk,admiration,46
collapse,admiration,18
confession,admiration,47
confessions,admiration,83
conspiracy,admiration,20
cringe,admiration,88
cringepics,admiration,56
dadjokes,admiration,19
danganronpa,admiration,108
darknet,admiration,9
dating,admiration,48
dating_advice,admiration,29
datingoverthirty,admiration,88
dayz,admiration,27
deadbydaylight,admiration,74
delusionalartists,admiration,19
denvernuggets,admiration,32
depression,admiration,45
detroitlions,admiration,51
devils,admiration,69
disneyvacation,admiration,13
dogswithjobs,admiration,52
doordash,admiration,31
drunk,admiration,50
dxm,admiration,34
entertainment,admiration,36
entitledparents,admiration,81
entp,admiration,15
environment,admiration,25
ethtrader,admiration,13
exchristian,admiration,46
exmormon,admiration,102
exmuslim,admiration,28
facepalm,admiration,29
fantasyfootball,admiration,8
farcry,admiration,14
fatlogic,admiration,48
fireemblem,admiration,20
forhonor,admiration,44
forwardsfromgrandma,admiration,33
freefolk,admiration,57
funny,admiration,15
furry_irl,admiration,29
gamegrumps,admiration,35
gatekeeping,admiration,38
gay,admiration,65
gay_irl,admiration,65
gaybros,admiration,90
gifs,admiration,14
goldenknights,admiration,42
greysanatomy,admiration,56
gunpolitics,admiration,11
hawks,admiration,19
heroesofthestorm,admiration,46
hockey,admiration,16
holdmybeer,admiration,14
holdmycosmo,admiration,55
houston,admiration,79
iamverysmart,admiration,37
im14andthisisdeep,admiration,16
insanepeoplefacebook,admiration,34
instant_regret,admiration,48
intj,admiration,45
ireland,admiration,36
islam,admiration,32
jobs,admiration,11
justneckbeardthings,admiration,54
juul,admiration,34
korea,admiration,17
leafs,admiration,48
leagueoflegends,admiration,21
legaladvice,admiration,13
lewronggeneration,admiration,33
lgbt,admiration,78
liberalgunowners,admiration,18
livepd,admiration,14
london,admiration,36
lostgeneration,admiration,11
lostredditors,admiration,6
loveafterlockup,admiration,72
masseffect,admiration,25
medicine,admiration,22
meirl,admiration,11
melbourne,admiration,20
mentalhealth,admiration,25
mildlyinfuriating,admiration,10
minnesota,admiration,28
minnesotavikings,admiration,56
moderatepolitics,admiration,16
morbidquestions,admiration,24
movies,admiration,33
moviescirclejerk,admiration,19
muacirclejerk,admiration,15
nashville,admiration,27
nattyorjuice,admiration,18
nba,admiration,56
netflix,admiration,26
newjersey,admiration,32
news,admiration,19
newzealand,admiration,40
nononono,admiration,56
nonononoyes,admiration,81
northernireland,admiration,45
nottheonion,admiration,17
nrl,admiration,34
nursing,admiration,27
nyc,admiration,5
nyjets,admiration,46
offmychest,admiration,59
oldpeoplefacebook,admiration,18
onguardforthee,admiration,44
ontario,admiration,20
pcgaming,admiration,21
penguins,admiration,40
perth,admiration,18
pettyrevenge,admiration,58
philosophy,admiration,37
phoenix,admiration,46
pics,admiration,24
pittsburgh,admiration,26
poker,admiration,21
politics,admiration,34
polyamory,admiration,45
popheads,admiration,42
popping,admiration,16
progun,admiration,27
raimimemes,admiration,51
raisedbynarcissists,admiration,56
rant,admiration,29
reactiongifs,admiration,40
realmadrid,admiration,40
reddeadredemption,admiration,25
reddeadredemption2,admiration,14
relationship_advice,admiration,19
relationships,admiration,18
rickandmorty,admiration,22
ripcity,admiration,28
riverdale,admiration,9
rpdrcringe,admiration,40
rpghorrorstories,admiration,14
rugbyunion,admiration,22
rupaulsdragrace,admiration,44
sabres,admiration,64
sadcringe,admiration,36
saltierthancrait,admiration,49
samharris,admiration,18
sanfrancisco,admiration,32
science,admiration,16
seduction,admiration,40
self,admiration,50
sex,admiration,13
shieldbro,admiration,11
shittyfoodporn,admiration,29
slatestarcodex,admiration,20
soccer,admiration,16
socialanxiety,admiration,70
socialism,admiration,38
southafrica,admiration,43
sports,admiration,37
sportsbook,admiration,10
starbucks,admiration,42
starwarsspeculation,admiration,28
steelers,admiration,48
sugarlifestyleforum,admiration,12
survivinginfidelity,admiration,38
sydney,admiration,47
syriancivilwar,admiration,23
teenagers,admiration,67
television,admiration,43
tennis,admiration,31
terriblefacebookmemes,admiration,22
texas,admiration,63
thalassophobia,admiration,19
thatHappened,admiration,37
tifu,admiration,48
timberwolves,admiration,72
todayilearned,admiration,24
toronto,admiration,16
torontoraptors,admiration,63
traaaaaaannnnnnnnnns,admiration,83
trees,admiration,24
truegaming,admiration,29
uberdrivers,admiration,2
ukpolitics,admiration,32
unitedkingdom,admiration,40
unpopularopinion,admiration,33
vancouver,admiration,36
vanderpumprules,admiration,78
vaxxhappened,admiration,42
vegan,admiration,37
vegancirclejerk,admiration,14
videos,admiration,80
walmart,admiration,9
washingtondc,admiration,32
weed,admiration,30
weezer,admiration,32
whitepeoplegifs,admiration,10
wholesomememes,admiration,104
wildhockey,admiration,53
winnipegjets,admiration,20
woooosh,admiration,12
worldnews,admiration,27
worldpolitics,admiration,24
yesyesyesyesno,admiration,61
youseeingthisshit,admiration,80
youtube,admiration,14
